{
  "2026-01-01T00:00:00": {
    "Sol": {
      "pos": [
        -0.003067316167378726,
        -0.005533329071575707,
        0.00013168419397952
      ],
      "vel": [
        7.176071432730415e-06,
        1.778134123198417e-07,
        -1.358857619127603e-07
      ],
      "r": 0.0063279933479699416
    },
    "Tierra": {
      "pos": [
        -0.1773487970879621,
        0.9622255911830275,
        7.223908380425527e-05
      ],
      "vel": [
        -0.01719737129724856,
        -0.003116429209131983,
        1.012925163112427e-07
      ],
      "r": 0.9784327720260392
    },
    "Luna": {
      "pos": [
        -0.1763840391885575,
        0.9644274663123614,
        0.0002844946205616522
      ],
      "vel": [
        -0.01777741124760916,
        -0.002873359211769047,
        3.327021959334017e-06
      ],
      "r": 0.9804242693830773
    },
    "Mercurio": {
      "pos": [
        -0.2182686205450464,
        -0.4147409447718479,
        -0.01357158539794414
      ],
      "vel": [
        0.01923902835424443,
        -0.01173744846416334,
        -0.002723291810929642
      ],
      "r": 0.4688661108622547
    },
    "Venus": {
      "pos": [
        0.08580993344897782,
        -0.7272957113886563,
        -0.01491237238108241
      ],
      "vel": [
        0.01994573625940069,
        0.002400543706150917,
        -0.001117607682227194
      ],
      "r": 0.7324921674208412
    },
    "Marte": {
      "pos": [
        0.3375123606948364,
        -1.39253534501683,
        -0.03728554259372147
      ],
      "vel": [
        0.01412658802546371,
        0.004540381008652786,
        -0.0002512212446492001
      ],
      "r": 1.4333385826208165
    },
    "Jupiter": {
      "pos": [
        -1.697071008754108,
        4.92334902964438,
        0.0175579048200573
      ],
      "vel": [
        -0.007223752894829236,
        -0.002102268198382211,
        0.0001703255870248536
      ],
      "r": 5.207660122979957
    },
    "Saturno": {
      "pos": [
        9.504274336121524,
        0.2522057109373251,
        -0.3828039976412389
      ],
      "vel": [
        -0.0004561853105511509,
        0.005564228351231018,
        -7.827714242349572e-05
      ],
      "r": 9.515323288123097
    },
    "Urano": {
      "pos": [
        9.877243613377043,
        16.79447879433271,
        -0.06558795503270913
      ],
      "vel": [
        -0.00341929717997494,
        0.001810589188096015,
        5.115484295657599e-05
      ],
      "r": 19.48380766562671
    },
    "Neptuno": {
      "pos": [
        29.86905312230553,
        0.513406175896573,
        -0.6989357841305189
      ],
      "vel": [
        -7.477024095184752e-05,
        0.003156853489199546,
        -6.356524498362345e-05
      ],
      "r": 29.881640375904677
    }
  },
  "2026-03-01T00:00:00": {
    "Sol": {
      "pos": [
        -0.002647796895655308,
        -0.005506510254437743,
        0.0001235318802011969
      ],
      "vel": [
        7.043620737222389e-06,
        7.469674624767573e-07,
        -1.401389438255295e-07
      ],
      "r": 0.006111280038444969
    },
    "Tierra": {
      "pos": [
        -0.9338715065865573,
        0.332631862474316,
        0.0001070247385138644
      ],
      "vel": [
        -0.006138868648236768,
        -0.01623050594597297,
        1.446117319088598e-06
      ],
      "r": 0.9913425029734543
    },
    "Luna": {
      "pos": [
        -0.935436933522566,
        0.3345831489698755,
        0.0002221071176473728
      ],
      "vel": [
        -0.006622396725170453,
        -0.01659498405513628,
        -4.62037806300332e-05
      ],
      "r": 0.9934727925334801
    },
    "Mercurio": {
      "pos": [
        -0.2358770645073243,
        0.2296179361466583,
        0.04072985907804927
      ],
      "vel": [
        -0.02567582981611286,
        -0.01868101285018706,
        0.000828708526364285
      ],
      "r": 0.3316945998676509
    },
    "Venus": {
      "pos": [
        0.7099752074277383,
        0.1266498789689393,
        -0.03917883725121338
      ],
      "vel": [
        -0.003756853331709412,
        0.01979628468810249,
        0.0004889982743711069
      ],
      "r": 0.7222464733685199
    },
    "Marte": {
      "pos": [
        1.05962443551897,
        -0.8944354831773205,
        -0.04455287001879626
      ],
      "vel": [
        0.009520121243415138,
        0.01193123262851813,
        1.66068987104349e-05
      ],
      "r": 1.3873729621635467
    },
    "Jupiter": {
      "pos": [
        -2.116604791770645,
        4.781671232860051,
        0.02753420202603498
      ],
      "vel": [
        -0.006989161465068979,
        -0.002697188321232777,
        0.0001676268171728047
      ],
      "r": 5.229259388860819
    },
    "Saturno": {
      "pos": [
        9.471692890814547,
        0.5803140978357001,
        -0.3872133541345775
      ],
      "vel": [
        -0.0006493132884664051,
        0.005556768480841004,
        -7.097240002221475e-05
      ],
      "r": 9.497350412176749
    },
    "Urano": {
      "pos": [
        9.67482510038452,
        16.90012789533999,
        -0.06257321527275538
      ],
      "vel": [
        -0.003442317886120053,
        0.001770723395561473,
        5.124708095917967e-05
      ],
      "r": 19.473584133619287
    },
    "Neptuno": {
      "pos": [
        29.8640731343285,
        0.6996747700273666,
        -0.7026569580101963
      ],
      "vel": [
        -9.444086125453939e-05,
        0.003156455319371371,
        -6.302115826304956e-05
      ],
      "r": 29.880531048777804
    }
  },
  "2026-06-01T00:00:00": {
    "Sol": {
      "pos": [
        -0.002016112329510088,
        -0.005395204274881184,
        0.0001106603213843714
      ],
      "vel": [
        6.641213335920493e-06,
        1.656433283224756e-06,
        -1.36580818720423e-07
      ],
      "r": 0.005760658278324422
    },
    "Tierra": {
      "pos": [
        -0.3459171236955964,
        -0.9591730984194947,
        0.000172631240573614
      ],
      "vel": [
        0.01590539119440913,
        -0.005896697482130969,
        -1.35803182249331e-08
      ],
      "r": 1.0196429370122824
    },
    "Luna": {
      "pos": [
        -0.3465214344864297,
        -0.9618113728627562,
        -5.679250115070577e-05
      ],
      "vel": [
        0.01645177189844835,
        -0.006023753415458853,
        1.15775728847545e-05
      ],
      "r": 1.022329802339764
    },
    "Mercurio": {
      "pos": [
        -0.3226673523354186,
        0.1417182763124624,
        0.04154253169359245
      ],
      "vel": [
        -0.01751786340037563,
        -0.02437907412445001,
        -0.0003853132811529181
      ],
      "r": 0.3548578194765302
    },
    "Venus": {
      "pos": [
        -0.6715140795275445,
        0.2532596680634341,
        0.0422937910344963
      ],
      "vel": [
        -0.007376368898279215,
        -0.01895961519608995,
        0.000165351797975478
      ],
      "r": 0.718930026658642
    },
    "Marte": {
      "pos": [
        1.341788425139707,
        0.4270091731597307,
        -0.02377867023895801
      ],
      "vel": [
        -0.003742946863051196,
        0.01451872887515349,
        0.0003960353168284467
      ],
      "r": 1.4082962887687325
    },
    "Jupiter": {
      "pos": [
        -2.73949298062543,
        4.492736495817842,
        0.04267257164705344
      ],
      "vel": [
        -0.006531868239572715,
        -0.003572477741034866,
        0.0001610300750245713
      ],
      "r": 5.26225464607335
    },
    "Saturno": {
      "pos": [
        9.398158508566196,
        1.090388650567409,
        -0.3931552783567298
      ],
      "vel": [
        -0.0009495431496048946,
        0.005530088221104944,
        -5.866173235574998e-05
      ],
      "r": 9.4693664959342
    },
    "Urano": {
      "pos": [
        9.356503564697862,
        17.06015393464177,
        -0.0578552135682245
      ],